{
    "mae": 0.788941502571106,
    "r2": 0.9961951971054077
}