{
    "tscv_scores": [
        -0.7699043154716492,
        -0.9351803064346313,
        -0.8079041838645935,
        -0.7105909585952759,
        -1.0967509746551514
    ],
    "tscv_mean_score": -0.8640661478042603
}