{
    "cv_scores": [
        -0.7302363514900208,
        -0.871965229511261,
        -0.8908358216285706
    ],
    "cv_mean_score": -0.8310124675432841
}